KEY_STRING,ENGLISH,SPANISH,POLISH,TURKISH,GERMAN
_LIVINGROOM_TEXT1_,SOFA LEFT FROM PLANT,EL SOFÁ ESTÁ A LA IZQUIERDA DE LA PLANTA,SOFA JEST PO LEWEJ STRONIE OD ROŚLINY,KANEPE BİTKİNİN SOLUNDADIR,DAS SOFA IST LINKS VON DER PFLANZE
_LIVINGROOM_TEXT2_,PLANT IS THE THIRD SPOT,LA PLANTA ESTÁ EN EL TERCER LUGAR,ROŚLINA JEST NA TRZECIM MIEJSCU,BİTKİ ÜÇÜNCÜ SIRADADIR,DIE PFLANZE IST AN DRITTER STELLE
_LIVINGROOM_TEXT3_,LAMP IS THE FIRST,LA LÁMPARA ES LA PRIMERA,LAMPA JEST PIERWSZA,LAMPA BİRİNCİDİR,DIE LAMPE IST AN ERSTER STELLE
_LIVINGROOM_TEXT4_,TABLE IS THE LAST,LA MESA ES LA ÚLTIMA,STÓŁ JEST OSTATNI,MASA SONUNCUDUR,DER TISCH IST AN LETZTER STELLE
,,,,,
_LOBBY_CREATE_LOBBY_,Create lobby,,,,Lobby erstellen
_LOBBY_JOIN_,Join,,,,Beitreten
_LOBBY_LOGIN_FAILED_,Login Failed,,,,Anmeldung fehlgeschlagen
_LOBBY_PLEASE_ENTER_CODE_,Please enter a lobby code,,,,Bitte gib einen Lobby Code ein
_LOBBY_NOT_FOUND_,Lobby not found,,,,Lobby nicht gefunden
,,,,,
_PROFILE_NAME_LOADING_,Name Loading...,,,,Name wird geladen...
_PROFILE_RANK_LOADING_,Rank Loading...,,,,Rang wird geladen...
,,,,,
_PRE_LOBBY_SETTINGS_,Lobby settings,,,,Lobby Einstellungen
_PRE_GAME_TYPE_,Game type,,,,Spieltyp
_PRE_LIVING_ROOM_,Living Room,,,,Wohnzimmer
_PRE_SEL_NO_ROLE_,Selected no Role,,,,Keiner Rolle ausgewählt
_PRE_SEL_MIS_CON_,Selected mission Control,,,,Mission control ausgewählt
_PRE_SEL_ON_SITE_,Selected on site,,,,On Site ausgewählt
_PRE_SEL_PLEASE_,Please select a Role,,,,Bitte wähle eine Rolle aus
_PRE_ERR_ROLE_TAKEN_,This role is already taken by another player,,,,Diese Rolle wird bereits von einem anderen Spieler verwendet